nombre,categoria,tipo,expansion,precio,estado,etiqueta,cantidad,imagen
Blazing Scorcher,Riftbound,single,Origins,37,Near Mint,,1,https://cmsassets.rgpub.io/sanity/images/dsfx7636/game_data_live/15ed971e4029a92b362a81ccadf309fb81e40b81-744x1039.png?accountingTag=RB
Brazen Buccaneer,Riftbound,single,Origins,18,Near Mint,,1,https://cmsassets.rgpub.io/sanity/images/dsfx7636/game_data_live/d481971f7560e7235e7d6934767da18daa019eff-744x1039.png?accountingTag=RB
Chemtech Enforcer,Riftbound,single,Origins,14,Near Mint,,1,https://cmsassets.rgpub.io/sanity/images/dsfx7636/game_data_live/19dcf211457d9c9c6e9ea0cd32af76c2c92a3160-744x1039.png?accountingTag=RB
Cleave,Riftbound,single,Origins,64,Near Mint,,1,https://cmsassets.rgpub.io/sanity/images/dsfx7636/game_data_live/95d476a1e88ff547fb846149619177bc7e3cea9f-744x1039.png?accountingTag=RB
Disintegrate,Riftbound,single,Origins,41,Near Mint,,1,https://cmsassets.rgpub.io/sanity/images/dsfx7636/game_data_live/a27374ac3a81f3dfefb43c3c3237c23b4883cb5a-744x1039.png?accountingTag=RB
Flame Chompers,Riftbound,single,Origins,50,Near Mint,,1,https://cmsassets.rgpub.io/sanity/images/dsfx7636/game_data_live/1f6f5ebd18e5daac30d62626fddd785c4b457c2b-744x1039.png?accountingTag=RB
Fury Rune,Riftbound,single,Origins,1600,Near Mint,,1,https://cmsassets.rgpub.io/sanity/images/dsfx7636/game_data_live/09da06c69d07d4e72dde703737ef167472c715af-1488x2078.png?accountingTag=RB
Fury Rune,Riftbound,single,Origins,73,Near Mint,,1,https://cmsassets.rgpub.io/sanity/images/dsfx7636/game_data_live/12bcd0cde5d9ff4640e82945001e9fef863530f1-744x1039.png?accountingTag=RB
Get Excited!,Riftbound,single,Origins,41,Near Mint,,1,https://cmsassets.rgpub.io/sanity/images/dsfx7636/game_data_live/2906c932c482af17fbb2979a8c42a6992f95d6a6-744x1039.png?accountingTag=RB
Hextech Ray,Riftbound,single,Origins,50,Near Mint,,1,https://cmsassets.rgpub.io/sanity/images/dsfx7636/game_data_live/1e7d12693822c38377ddc8f15db23e2f9b6d560a-744x1039.png?accountingTag=RB
Legion Rearguard,Riftbound,single,Origins,41,Near Mint,,1,https://cmsassets.rgpub.io/sanity/images/dsfx7636/game_data_live/aedece01c7792c689050460db1670e6b9b15b61f-744x1039.png?accountingTag=RB
Magma Wurm,Riftbound,single,Origins,55,Near Mint,,1,https://cmsassets.rgpub.io/sanity/images/dsfx7636/game_data_live/f6565b15f65f538804e6a56623c8aa2eedeffc22-744x1039.png?accountingTag=RB
Noxus Hopeful,Riftbound,single,Origins,137,Near Mint,,1,https://cmsassets.rgpub.io/sanity/images/dsfx7636/game_data_live/c3bb6f4cb58feeb50e396d12ec9865c5434025af-744x1039.png?accountingTag=RB
Pouty Poro,Riftbound,single,Origins,73,Near Mint,,1,https://cmsassets.rgpub.io/sanity/images/dsfx7636/game_data_live/d541bf3bcb5aa3ad0d48d87f5753569b72ac426f-744x1039.png?accountingTag=RB
Sky Splitter,Riftbound,single,Origins,59,Near Mint,,1,https://cmsassets.rgpub.io/sanity/images/dsfx7636/game_data_live/01faae468720dd5bf5e3fe12ba56c01af70263be-744x1039.png?accountingTag=RB
Captain Farron,Riftbound,single,Origins,55,Near Mint,,1,https://cmsassets.rgpub.io/sanity/images/dsfx7636/game_data_live/4c65e2cae6748590f589ad8b26bc5a20c0d770c2-744x1039.png?accountingTag=RB
Dangerous Duo,Riftbound,single,Origins,41,Near Mint,,1,https://cmsassets.rgpub.io/sanity/images/dsfx7636/game_data_live/3c02ea9e438d407c739276b788e015ac93843651-744x1039.png?accountingTag=RB
Iron Ballista,Riftbound,single,Origins,69,Near Mint,,1,https://cmsassets.rgpub.io/sanity/images/dsfx7636/game_data_live/9b5cfe757b6067994e17e284eba46433880a1461-744x1039.png?accountingTag=RB
Noxus Saboteur,Riftbound,single,Origins,55,Near Mint,,1,https://cmsassets.rgpub.io/sanity/images/dsfx7636/game_data_live/b78f0c822cb984db24ac3f1956cc8c10f8f88b22-744x1039.png?accountingTag=RB
Raging Soul,Riftbound,single,Origins,41,Near Mint,,1,https://cmsassets.rgpub.io/sanity/images/dsfx7636/game_data_live/037647d0decc94ff4a5d53b11cf36afe9d849533-744x1039.png?accountingTag=RB
Scrapyard Champion,Riftbound,single,Origins,46,Near Mint,,1,https://cmsassets.rgpub.io/sanity/images/dsfx7636/game_data_live/10f096d2b469fd73329386e5efe88c9bec667d7c-744x1039.png?accountingTag=RB
Sun Disc,Riftbound,single,Origins,87,Near Mint,,1,https://cmsassets.rgpub.io/sanity/images/dsfx7636/game_data_live/146d7514f15e6674f471f3aa9c3fadf22c0b634b-744x1039.png?accountingTag=RB
Thermo Beam,Riftbound,single,Origins,174,Near Mint,,1,https://cmsassets.rgpub.io/sanity/images/dsfx7636/game_data_live/88661e852b864491e6d7f5f087caf4263f61c361-744x1039.png?accountingTag=RB
Unlicensed Armory,Riftbound,single,Origins,69,Near Mint,,1,https://cmsassets.rgpub.io/sanity/images/dsfx7636/game_data_live/1a80bedd893d9024fc90f108da36b4fd1d496ad6-744x1039.png?accountingTag=RB
Void Seeker,Riftbound,single,Origins,101,Near Mint,,1,https://cmsassets.rgpub.io/sanity/images/dsfx7636/game_data_live/5b64b63c6be58ff3c33c7fb3c2dcb168d64e287e-744x1039.png?accountingTag=RB
Blind Fury,Riftbound,single,Origins,101,Near Mint,,1,https://cmsassets.rgpub.io/sanity/images/dsfx7636/game_data_live/d74ba4998df9348408f1400090a0b0737c675fbd-744x1039.png?accountingTag=RB
Brynhir Thundersong,Riftbound,single,Origins,836,Near Mint,,1,https://cmsassets.rgpub.io/sanity/images/dsfx7636/game_data_live/44e805aa0f2928acf1156eef692403df319b333a-744x1039.png?accountingTag=RB
"Darius, Trifarian",Riftbound,single,Origins,2326,Near Mint,,1,https://cmsassets.rgpub.io/sanity/images/dsfx7636/game_data_live/df878ecc25160bb7e53b254a609ec243e133e8f1-744x1039.png?accountingTag=RB
"Darius, Trifarian",Riftbound,single,Origins,777,Near Mint,,1,https://cmsassets.rgpub.io/sanity/images/dsfx7636/game_data_live/bf7a4900fd2296972c1305a4707c23860bb0522e-744x1039.png?accountingTag=RB
"Draven, Showboat",Riftbound,single,Origins,169,Near Mint,,1,https://cmsassets.rgpub.io/sanity/images/dsfx7636/game_data_live/7600d6cea66e8146ea2202f72cb9035cb44608a3-744x1039.png?accountingTag=RB
Falling Star,Riftbound,single,Origins,2152,Near Mint,,1,https://cmsassets.rgpub.io/sanity/images/dsfx7636/game_data_live/9cf2d2e59e1bf839cdf5c2a77e95f5d1e871788f-744x1039.png?accountingTag=RB
"Jinx, Demolitionist",Riftbound,single,Origins,845,Near Mint,,1,https://cmsassets.rgpub.io/sanity/images/dsfx7636/game_data_live/60ff1aec7ecb1b11ff89fdb620c6182897a8b402-744x1039.png?accountingTag=RB
"Jinx, Demolitionist",Riftbound,single,Origins,105,Near Mint,,1,https://cmsassets.rgpub.io/sanity/images/dsfx7636/game_data_live/d6cac988aa7798945e550eba6841d3993868c4a4-744x1039.png?accountingTag=RB
Raging Firebrand,Riftbound,single,Origins,142,Near Mint,,1,https://cmsassets.rgpub.io/sanity/images/dsfx7636/game_data_live/9566fc064c098bd7f3540f3074dc6353c7ca5663-744x1039.png?accountingTag=RB
Ravenborn Tome,Riftbound,single,Origins,50,Near Mint,,1,https://cmsassets.rgpub.io/sanity/images/dsfx7636/game_data_live/81f968126026635e5b9a2fa1048fc979fcd13a1d-744x1039.png?accountingTag=RB
Shakedown,Riftbound,single,Origins,137,Near Mint,,1,https://cmsassets.rgpub.io/sanity/images/dsfx7636/game_data_live/ab71d92c94bf609e2fa6efc8fec06fe1e8b10108-744x1039.png?accountingTag=RB
"Tryndamere, Barbarian",Riftbound,single,Origins,91,Near Mint,,1,https://cmsassets.rgpub.io/sanity/images/dsfx7636/game_data_live/124c93495c927be1baea03fdacf6c7b283cf8b6c-744x1039.png?accountingTag=RB
"Vayne, Hunter",Riftbound,single,Origins,183,Near Mint,,1,https://cmsassets.rgpub.io/sanity/images/dsfx7636/game_data_live/b38a22e6f4bfaa8589f32754a7466fe5214e81b5-744x1039.png?accountingTag=RB
"Vi, Destructive",Riftbound,single,Origins,142,Near Mint,,1,https://cmsassets.rgpub.io/sanity/images/dsfx7636/game_data_live/7ab52254ac49b8853fc7ae65b03aaee3f8c5994a-744x1039.png?accountingTag=RB
Immortal Phoenix,Riftbound,single,Origins,3039,Near Mint,,1,https://cmsassets.rgpub.io/sanity/images/dsfx7636/game_data_live/7b623ae985bf5f362b6d8d4a17e9b8146aeae3c3-744x1039.png?accountingTag=RB
Kadregrin the Infernal,Riftbound,single,Origins,5096,Near Mint,,1,https://cmsassets.rgpub.io/sanity/images/dsfx7636/game_data_live/733c32b1fccc7e2983cbb3586358152f90a6df04-744x1039.png?accountingTag=RB
"Kai'Sa, Survivor",Riftbound,single,Origins,27585,Near Mint,,1,https://cmsassets.rgpub.io/sanity/images/dsfx7636/game_data_live/ad69bde670ce218adee1d2a618a7295d2fb7bd4c-744x1039.png?accountingTag=RB
"Kai'Sa, Survivor",Riftbound,single,Origins,24747,Near Mint,,1,https://cmsassets.rgpub.io/sanity/images/dsfx7636/game_data_live/3d942c02ad4e96a36dba14d663c5105bb6614500-744x1039.png?accountingTag=RB
Seal of Rage,Riftbound,single,Origins,5694,Near Mint,,1,https://cmsassets.rgpub.io/sanity/images/dsfx7636/game_data_live/fbdd14adb40b0ca46b89f476a356fa21413d812e-744x1039.png?accountingTag=RB
"Volibear, Furious",Riftbound,single,Origins,457,Near Mint,,1,https://cmsassets.rgpub.io/sanity/images/dsfx7636/game_data_live/c9165d49b8caae9a856433cd5151e8b368eb80b5-744x1039.png?accountingTag=RB
"Volibear, Furious",Riftbound,single,Origins,955,Near Mint,,1,https://cmsassets.rgpub.io/sanity/images/dsfx7636/game_data_live/744d1b950ae7ef1e6e5b244538a6afb9802e5e3d-744x1039.png?accountingTag=RB
Calm Rune,Riftbound,single,Origins,2482,Near Mint,,1,https://cmsassets.rgpub.io/sanity/images/dsfx7636/game_data_live/88187b586b9b3cc2f48fd20c806dd5fc5e1bfc71-1488x2078.png?accountingTag=RB
Calm Rune,Riftbound,single,Origins,59,Near Mint,,1,https://cmsassets.rgpub.io/sanity/images/dsfx7636/game_data_live/0a0e8c3d16c2595e2f8efcc2b1466226539b506c-744x1039.png?accountingTag=RB
Charm,Riftbound,single,Origins,366,Near Mint,,1,https://cmsassets.rgpub.io/sanity/images/dsfx7636/game_data_live/62ae564505db8fcba70605eac2083ac2d4397b5a-744x1039.png?accountingTag=RB
Clockwork Keeper,Riftbound,single,Origins,50,Near Mint,,1,https://cmsassets.rgpub.io/sanity/images/dsfx7636/game_data_live/417e606418349bb25d4b07d460fa043ad85f2778-744x1039.png?accountingTag=RB
Defy,Riftbound,single,Origins,1421,Near Mint,,1,https://cmsassets.rgpub.io/sanity/images/dsfx7636/game_data_live/4989bfcc4bd7be77051f0c2c349a981ba9c273e0-744x1039.png?accountingTag=RB
En Garde,Riftbound,single,Origins,69,Near Mint,,1,https://cmsassets.rgpub.io/sanity/images/dsfx7636/game_data_live/03c0ec7eaa5957a62869dad2a0ce40913fc874a9-744x1039.png?accountingTag=RB
Find Your Center,Riftbound,single,Origins,50,Near Mint,,1,https://cmsassets.rgpub.io/sanity/images/dsfx7636/game_data_live/cd9d798b496fdce133c5b0106d636a230b6e7ebe-744x1039.png?accountingTag=RB
Meditation,Riftbound,single,Origins,41,Near Mint,,1,https://cmsassets.rgpub.io/sanity/images/dsfx7636/game_data_live/7103336ab0d7f7bebdaa4155e4258d8d9beb06de-744x1039.png?accountingTag=RB
Playful Phantom,Riftbound,single,Origins,18,Near Mint,,1,https://cmsassets.rgpub.io/sanity/images/dsfx7636/game_data_live/3171ef8c7968b0dfe088725b9721b19d175bdb1e-744x1039.png?accountingTag=RB
Rune Prison,Riftbound,single,Origins,64,Near Mint,,1,https://cmsassets.rgpub.io/sanity/images/dsfx7636/game_data_live/21867baeaced3c22cda5f40f6b6c9a8dad4b7042-744x1039.png?accountingTag=RB
Solari Shieldbearer,Riftbound,single,Origins,50,Near Mint,,1,https://cmsassets.rgpub.io/sanity/images/dsfx7636/game_data_live/9387ea6480c9fd6991760b07a178c07a5fcf1c57-744x1039.png?accountingTag=RB
Stalwart Poro,Riftbound,single,Origins,50,Near Mint,,1,https://cmsassets.rgpub.io/sanity/images/dsfx7636/game_data_live/c4a5d7178e783c3975749271b6df333a82a2328a-744x1039.png?accountingTag=RB
Stand United,Riftbound,single,Origins,32,Near Mint,,1,https://cmsassets.rgpub.io/sanity/images/dsfx7636/game_data_live/4d10570e70a998de520d4baba254c3b726caa4f0-744x1039.png?accountingTag=RB
Sunlit Guardian,Riftbound,single,Origins,46,Near Mint,,1,https://cmsassets.rgpub.io/sanity/images/dsfx7636/game_data_live/28bce7a662b9008f65565300f828d98790a641e1-744x1039.png?accountingTag=RB
Wielder of Water,Riftbound,single,Origins,50,Near Mint,,1,https://cmsassets.rgpub.io/sanity/images/dsfx7636/game_data_live/5b38a7758705bd739caf07b5c0c49482a4a23015-744x1039.png?accountingTag=RB
Adaptatron,Riftbound,single,Origins,155,Near Mint,,1,https://cmsassets.rgpub.io/sanity/images/dsfx7636/game_data_live/a3ddb00a2a872eaceb96469739531414aa27455d-744x1039.png?accountingTag=RB
Block,Riftbound,single,Origins,73,Near Mint,,1,https://cmsassets.rgpub.io/sanity/images/dsfx7636/game_data_live/36f7352e715fe073631ed85be41408c9a38ab865-744x1039.png?accountingTag=RB
Discipline,Riftbound,single,Origins,1138,Near Mint,,1,https://cmsassets.rgpub.io/sanity/images/dsfx7636/game_data_live/8b9613970b505e3ad6abe2d51d091778314a7d48-744x1039.png?accountingTag=RB
Eclipse Herald,Riftbound,single,Origins,50,Near Mint,,1,https://cmsassets.rgpub.io/sanity/images/dsfx7636/game_data_live/bbe4fec278b8960681f97da658dc2f06ee46c4bd-744x1039.png?accountingTag=RB
Mask of Foresight,Riftbound,single,Origins,128,Near Mint,,1,https://cmsassets.rgpub.io/sanity/images/dsfx7636/game_data_live/03824709acbb4151d13b083a842c4702a3e61221-744x1039.png?accountingTag=RB
Poro Herder,Riftbound,single,Origins,69,Near Mint,,1,https://cmsassets.rgpub.io/sanity/images/dsfx7636/game_data_live/166b718a8517fcceac7e7d4f6acbc4fa0bbc2c55-744x1039.png?accountingTag=RB
Reinforce,Riftbound,single,Origins,59,Near Mint,,1,https://cmsassets.rgpub.io/sanity/images/dsfx7636/game_data_live/5bb4ce960c7636dac103c560a2e2f4e32f9d5390-744x1039.png?accountingTag=RB
Spirit's Refuge,Riftbound,single,Origins,73,Near Mint,,1,https://cmsassets.rgpub.io/sanity/images/dsfx7636/game_data_live/26d5e54580d1f17ed6c35a66ac6a90ce56c99ec8-744x1039.png?accountingTag=RB
Wind Wall,Riftbound,single,Origins,260,Near Mint,,1,https://cmsassets.rgpub.io/sanity/images/dsfx7636/game_data_live/72c4dbe48d06916c847dab40340e5f05228fadfe-744x1039.png?accountingTag=RB
Wizened Elder,Riftbound,single,Origins,50,Near Mint,,1,https://cmsassets.rgpub.io/sanity/images/dsfx7636/game_data_live/7b98797789ad7e3a6cf52126b82a42ec6f269bb7-744x1039.png?accountingTag=RB
"Ahri, Alluring",Riftbound,single,Origins,2472,Near Mint,,1,https://cmsassets.rgpub.io/sanity/images/dsfx7636/game_data_live/933f5d58cc0e27d017982306b9ae0f581c9c8d27-744x1039.png?accountingTag=RB
"Ahri, Alluring",Riftbound,single,Origins,475,Near Mint,,1,https://cmsassets.rgpub.io/sanity/images/dsfx7636/game_data_live/fabbcc2f83f397cf07299236a702db05a151053b-744x1039.png?accountingTag=RB
"Blitzcrank, Impassive",Riftbound,single,Origins,311,Near Mint,,1,https://cmsassets.rgpub.io/sanity/images/dsfx7636/game_data_live/654dcc4aef0a0b5a0c6e928d7aae397a52c3ab17-744x1039.png?accountingTag=RB
"Caitlyn, Patrolling",Riftbound,single,Origins,155,Near Mint,,1,https://cmsassets.rgpub.io/sanity/images/dsfx7636/game_data_live/51e6bacf25d19e7c391367ff107efb9e0b9f1ff5-744x1039.png?accountingTag=RB
Last Stand,Riftbound,single,Origins,123,Near Mint,,1,https://cmsassets.rgpub.io/sanity/images/dsfx7636/game_data_live/9062d372d299c5c6a0c679f0ff07ba71590ca5f1-744x1039.png?accountingTag=RB
Mageseeker Warden,Riftbound,single,Origins,123,Near Mint,,1,https://cmsassets.rgpub.io/sanity/images/dsfx7636/game_data_live/ae844b929f817cdf76fe40c7bf5d5fc02062bdac-744x1039.png?accountingTag=RB
Party Favors,Riftbound,single,Origins,114,Near Mint,,1,https://cmsassets.rgpub.io/sanity/images/dsfx7636/game_data_live/fddcef3c55663c5d6856f6d039d19cacfd64abb5-744x1039.png?accountingTag=RB
Solari Shrine,Riftbound,single,Origins,78,Near Mint,,1,https://cmsassets.rgpub.io/sanity/images/dsfx7636/game_data_live/139a6d1c62a717bab4cdd75926e7f4aba6efb15d-744x1039.png?accountingTag=RB
"Sona, Harmonious",Riftbound,single,Origins,4424,Near Mint,,1,https://cmsassets.rgpub.io/sanity/images/dsfx7636/game_data_live/8582f6430821fb912fcb3619c5ce9405f254cb2f-744x1039.png?accountingTag=RB
"Taric, Protector",Riftbound,single,Origins,119,Near Mint,,1,https://cmsassets.rgpub.io/sanity/images/dsfx7636/game_data_live/7d08e3f64401cb87b8a0564a1cbe6fc94aee03a7-744x1039.png?accountingTag=RB
Tasty Faefolk,Riftbound,single,Origins,457,Near Mint,,1,https://cmsassets.rgpub.io/sanity/images/dsfx7636/game_data_live/65f69ca9a1087deb12e91fb6fdee7b6efd0c088f-744x1039.png?accountingTag=RB
"Yasuo, Remorseful",Riftbound,single,Origins,937,Near Mint,,1,https://cmsassets.rgpub.io/sanity/images/dsfx7636/game_data_live/3f2cff3ff3b146c8bfe11594e37e9d8109884273-744x1039.png?accountingTag=RB
"Yasuo, Remorseful",Riftbound,single,Origins,142,Near Mint,,1,https://cmsassets.rgpub.io/sanity/images/dsfx7636/game_data_live/1643a6c93626884c93363557e1a483642bda6c45-744x1039.png?accountingTag=RB
Zhonya's Hourglass,Riftbound,single,Origins,3743,Near Mint,,1,https://cmsassets.rgpub.io/sanity/images/dsfx7636/game_data_live/dc38172c56f838b407fc9f170ba973da32d7cd4d-744x1039.png?accountingTag=RB
"Lee Sin, Ascetic",Riftbound,single,Origins,352,Near Mint,,1,https://cmsassets.rgpub.io/sanity/images/dsfx7636/game_data_live/70734e8833bfbbdb2736407c449f418553e3cf7c-744x1039.png?accountingTag=RB
"Lee Sin, Ascetic",Riftbound,single,Origins,919,Near Mint,,1,https://cmsassets.rgpub.io/sanity/images/dsfx7636/game_data_live/d34a98faacd3f7d32afd6fad99c806f202aa9dad-744x1039.png?accountingTag=RB
"Leona, Zealot",Riftbound,single,Origins,2623,Near Mint,,1,https://cmsassets.rgpub.io/sanity/images/dsfx7636/game_data_live/451caa433b1fbe8e9d2b86548b82c3c5f2bac620-744x1039.png?accountingTag=RB
"Leona, Zealot",Riftbound,single,Origins,896,Near Mint,,1,https://cmsassets.rgpub.io/sanity/images/dsfx7636/game_data_live/3bd1e924bec41b0f733fc8b93dc8918ce5a53ba4-744x1039.png?accountingTag=RB
Mystic Reversal,Riftbound,single,Origins,526,Near Mint,,1,https://cmsassets.rgpub.io/sanity/images/dsfx7636/game_data_live/298fe91f9d76086b7d77880e11016ed46389b61b-744x1039.png?accountingTag=RB
Seal of Focus,Riftbound,single,Origins,3843,Near Mint,,1,https://cmsassets.rgpub.io/sanity/images/dsfx7636/game_data_live/288c300c4e4cb10ecfe6c3cbb543d0636b306852-744x1039.png?accountingTag=RB
Whiteflame Protector,Riftbound,single,Origins,2673,Near Mint,,1,https://cmsassets.rgpub.io/sanity/images/dsfx7636/game_data_live/a5cdd793736f915fa1b4ea388af66de7b2bc00cb-744x1039.png?accountingTag=RB
Consult the Past,Riftbound,single,Origins,82,Near Mint,,1,https://cmsassets.rgpub.io/sanity/images/dsfx7636/game_data_live/198d950d3933972273ec714e9264cbd563ea6920-744x1039.png?accountingTag=RB
Eager Apprentice,Riftbound,single,Origins,59,Near Mint,,1,https://cmsassets.rgpub.io/sanity/images/dsfx7636/game_data_live/cf6d5447ff3634d8c2c0216cb2e5802fb5ca0b2e-744x1039.png?accountingTag=RB
Falling Comet,Riftbound,single,Origins,64,Near Mint,,1,https://cmsassets.rgpub.io/sanity/images/dsfx7636/game_data_live/eaaf300a07d5b2927fe9a601d70f2a01b512cc7e-744x1039.png?accountingTag=RB
Jeweled Colossus,Riftbound,single,Origins,27,Near Mint,,1,https://cmsassets.rgpub.io/sanity/images/dsfx7636/game_data_live/775bea14038165fd9feb15c796ed84aa00a032e1-744x1039.png?accountingTag=RB
Lecturing Yordle,Riftbound,single,Origins,64,Near Mint,,1,https://cmsassets.rgpub.io/sanity/images/dsfx7636/game_data_live/62e22370dac35c18de21efbfce9c86ca821e9105-744x1039.png?accountingTag=RB
Mega-Mech,Riftbound,single,Origins,32,Near Mint,,1,https://cmsassets.rgpub.io/sanity/images/dsfx7636/game_data_live/f71db7b62798a2a10a1ab0d293c26ac9dd163c6a-744x1039.png?accountingTag=RB
Mind Rune,Riftbound,single,Origins,2952,Near Mint,,1,https://cmsassets.rgpub.io/sanity/images/dsfx7636/game_data_live/ecf8c8632c728520b51cd4bc79036677e96ebdfd-1488x2078.png?accountingTag=RB
Mind Rune,Riftbound,single,Origins,64,Near Mint,,1,https://cmsassets.rgpub.io/sanity/images/dsfx7636/game_data_live/f99aa4874baaebd2e81798c8a3aa01c5900f6d30-744x1039.png?accountingTag=RB
Orb of Regret,Riftbound,single,Origins,27,Near Mint,,1,https://cmsassets.rgpub.io/sanity/images/dsfx7636/game_data_live/fd883b646d1a3cdb1a03b0c19dc62c92ca552f4f-744x1039.png?accountingTag=RB
Pit Crew,Riftbound,single,Origins,41,Near Mint,,1,https://cmsassets.rgpub.io/sanity/images/dsfx7636/game_data_live/8023223b55adc44bafe1f8c5f305d3dde6f6d114-744x1039.png?accountingTag=RB
Riptide Rex,Riftbound,single,Origins,55,Near Mint,,1,https://cmsassets.rgpub.io/sanity/images/dsfx7636/game_data_live/e09bf1fb6d72da31d415ea31ae7413fe7f02d650-744x1039.png?accountingTag=RB
Smoke Screen,Riftbound,single,Origins,69,Near Mint,,1,https://cmsassets.rgpub.io/sanity/images/dsfx7636/game_data_live/06c34457afd09b828ee0b2862ed51eb31004d888-744x1039.png?accountingTag=RB
Sprite Call,Riftbound,single,Origins,73,Near Mint,,1,https://cmsassets.rgpub.io/sanity/images/dsfx7636/game_data_live/ab3db48dcbb12b01151d3a08c2412020380b7ca5-744x1039.png?accountingTag=RB
Stupefy,Riftbound,single,Origins,114,Near Mint,,1,https://cmsassets.rgpub.io/sanity/images/dsfx7636/game_data_live/837a5976192bbf8bdb4086429802167548ecc119-744x1039.png?accountingTag=RB
Watchful Sentry,Riftbound,single,Origins,73,Near Mint,,1,https://cmsassets.rgpub.io/sanity/images/dsfx7636/game_data_live/d84da2c62b1e218a0a74b227c49ce8a953918ebd-744x1039.png?accountingTag=RB
Blastcone Fae,Riftbound,single,Origins,78,Near Mint,,1,https://cmsassets.rgpub.io/sanity/images/dsfx7636/game_data_live/fac53b2216490c99ad7ce11dc5e663a692d6c104-744x1039.png?accountingTag=RB
Energy Conduit,Riftbound,single,Origins,73,Near Mint,,1,https://cmsassets.rgpub.io/sanity/images/dsfx7636/game_data_live/f0e0a67e9e9b1d45d12d248df78b4e643b70bdc1-744x1039.png?accountingTag=RB
Garbage Grabber,Riftbound,single,Origins,73,Near Mint,,1,https://cmsassets.rgpub.io/sanity/images/dsfx7636/game_data_live/199f21237aeee2582904463a15ec62ce29452c10-744x1039.png?accountingTag=RB
Gemcraft Seer,Riftbound,single,Origins,50,Near Mint,,1,https://cmsassets.rgpub.io/sanity/images/dsfx7636/game_data_live/4b6965bd592a5f602ab932094d677b6c85b2372b-744x1039.png?accountingTag=RB
Mushroom Pouch,Riftbound,single,Origins,59,Near Mint,,1,https://cmsassets.rgpub.io/sanity/images/dsfx7636/game_data_live/ef5b3125fda91c0d0a02b7e6dfb7d3d5bafa8bd0-744x1039.png?accountingTag=RB
Portal Rescue,Riftbound,single,Origins,101,Near Mint,,1,https://cmsassets.rgpub.io/sanity/images/dsfx7636/game_data_live/bafb4c68fa9a3eb71fecd0cdffb9e20b9f68d532-744x1039.png?accountingTag=RB
Ravenbloom Student,Riftbound,single,Origins,114,Near Mint,,1,https://cmsassets.rgpub.io/sanity/images/dsfx7636/game_data_live/b98b1ff793b6eb263957258742cc83d50fda6537-744x1039.png?accountingTag=RB
Retreat,Riftbound,single,Origins,324,Near Mint,,1,https://cmsassets.rgpub.io/sanity/images/dsfx7636/game_data_live/71ecf6c06d3110a81ac0f01c726c06921f479a13-744x1039.png?accountingTag=RB
Singularity,Riftbound,single,Origins,494,Near Mint,,1,https://cmsassets.rgpub.io/sanity/images/dsfx7636/game_data_live/792edce1a64d4a92740aa3fa240e21e161513944-744x1039.png?accountingTag=RB
Sprite Mother,Riftbound,single,Origins,160,Near Mint,,1,https://cmsassets.rgpub.io/sanity/images/dsfx7636/game_data_live/65c06528f88de1ac207b382d4830ccfdd08a2d12-744x1039.png?accountingTag=RB
Ava Achiever,Riftbound,single,Origins,78,Near Mint,,1,https://cmsassets.rgpub.io/sanity/images/dsfx7636/game_data_live/93e91aa99eb09baa68dd95b0013a89d9ffde5240-744x1039.png?accountingTag=RB
Convergent Mutation,Riftbound,single,Origins,69,Near Mint,,1,https://cmsassets.rgpub.io/sanity/images/dsfx7636/game_data_live/61d414fc67ff52b9082e282e628dd0916afd8454-744x1039.png?accountingTag=RB
"Dr. Mundo, Expert",Riftbound,single,Origins,165,Near Mint,,1,https://cmsassets.rgpub.io/sanity/images/dsfx7636/game_data_live/cf51fe8bedf5139e8cc1fc062969949ea7b121f0-744x1039.png?accountingTag=RB
"Ekko, Recurrent",Riftbound,single,Origins,448,Near Mint,,1,https://cmsassets.rgpub.io/sanity/images/dsfx7636/game_data_live/65da19325b6def53d33c07bc1aa8f91fd2f1e723-744x1039.png?accountingTag=RB
"Heimerdinger, Inventor",Riftbound,single,Origins,169,Near Mint,,1,https://cmsassets.rgpub.io/sanity/images/dsfx7636/game_data_live/5b14a5f9d567c90329c151a8cc72d870b47b1434-744x1039.png?accountingTag=RB
"Kai'Sa, Evolutionary",Riftbound,single,Origins,731,Near Mint,,1,https://cmsassets.rgpub.io/sanity/images/dsfx7636/game_data_live/2c8c9619d4afd081de548b511000f7c4b849ec1e-744x1039.png?accountingTag=RB
"Kai'Sa, Evolutionary",Riftbound,single,Origins,146,Near Mint,,1,https://cmsassets.rgpub.io/sanity/images/dsfx7636/game_data_live/fc4ee60eaedd5c56a9222fd07482b6a86b11baa4-744x1039.png?accountingTag=RB
"Malzahar, Fanatic",Riftbound,single,Origins,137,Near Mint,,1,https://cmsassets.rgpub.io/sanity/images/dsfx7636/game_data_live/ba1fa3a18b1c2ff132ad536577e53deb49bce1f9-744x1039.png?accountingTag=RB
Progress Day,Riftbound,single,Origins,388,Near Mint,,1,https://cmsassets.rgpub.io/sanity/images/dsfx7636/game_data_live/b15f479a8f29e31b6e4c06cf2d7c8cb8630073ef-744x1039.png?accountingTag=RB
Promising Future,Riftbound,single,Origins,114,Near Mint,,1,https://cmsassets.rgpub.io/sanity/images/dsfx7636/game_data_live/1ea5e7e50aaecee0b2ee2657d3c829dff0718fba-744x1039.png?accountingTag=RB
Thousand-Tailed Watcher,Riftbound,single,Origins,9570,Near Mint,,1,https://cmsassets.rgpub.io/sanity/images/dsfx7636/game_data_live/b20e5644c33924a58e0497dd9f7db19723147003-744x1039.png?accountingTag=RB
"Viktor, Innovator",Riftbound,single,Origins,101,Near Mint,,1,https://cmsassets.rgpub.io/sanity/images/dsfx7636/game_data_live/35be0b10f13611b4f5d828f2a79001036ab57ba1-744x1039.png?accountingTag=RB
"Viktor, Innovator",Riftbound,single,Origins,553,Near Mint,,1,https://cmsassets.rgpub.io/sanity/images/dsfx7636/game_data_live/12dfa6b38edc9b23f216c0a1828474f7506d49c0-744x1039.png?accountingTag=RB
Wraith of Echoes,Riftbound,single,Origins,69,Near Mint,,1,https://cmsassets.rgpub.io/sanity/images/dsfx7636/game_data_live/10785ab5267ca3ff2dea081d8d18ba47c3858517-744x1039.png?accountingTag=RB
"Ahri, Inquisitive",Riftbound,single,Origins,3126,Near Mint,,1,https://cmsassets.rgpub.io/sanity/images/dsfx7636/game_data_live/7adc5aa8dba66bf918b8140699cb3a74f7b0efb5-744x1039.png?accountingTag=RB
"Ahri, Inquisitive",Riftbound,single,Origins,1330,Near Mint,,1,https://cmsassets.rgpub.io/sanity/images/dsfx7636/game_data_live/cfa28e1abcac1db780d11e82985e13ee5978290d-744x1039.png?accountingTag=RB
Seal of Insight,Riftbound,single,Origins,3039,Near Mint,,1,https://cmsassets.rgpub.io/sanity/images/dsfx7636/game_data_live/9ee0dc0221f83d569e0f458374e40f7238f306c2-744x1039.png?accountingTag=RB
"Teemo, Strategist",Riftbound,single,Origins,4195,Near Mint,,1,https://cmsassets.rgpub.io/sanity/images/dsfx7636/game_data_live/b05f31bf744972983f61a9f5801b4ffd68fb9ebf-744x1039.png?accountingTag=RB
"Teemo, Strategist",Riftbound,single,Origins,5105,Near Mint,,1,https://cmsassets.rgpub.io/sanity/images/dsfx7636/game_data_live/0709ab02b75d9acc8f3c4037ec3a4140323150d8-744x1039.png?accountingTag=RB
Time Warp,Riftbound,single,Origins,14446,Near Mint,,1,https://cmsassets.rgpub.io/sanity/images/dsfx7636/game_data_live/b97bbcf3cf6cb6e5f4baaa1bfbb85dc860eb950b-744x1039.png?accountingTag=RB
Unchecked Power,Riftbound,single,Origins,16246,Near Mint,,1,https://cmsassets.rgpub.io/sanity/images/dsfx7636/game_data_live/c44cd1f6f41144c770ac79f10e5ae75f0c6d6435-744x1039.png?accountingTag=RB
Arena Bar,Riftbound,single,Origins,41,Near Mint,,1,https://cmsassets.rgpub.io/sanity/images/dsfx7636/game_data_live/519306d1d4a36f2d54fe0982268a197a257f5e5d-744x1039.png?accountingTag=RB
Bilgewater Bully,Riftbound,single,Origins,32,Near Mint,,1,https://cmsassets.rgpub.io/sanity/images/dsfx7636/game_data_live/474f66ffa1ecebd9e0341d644cb82a3b8135eece-744x1039.png?accountingTag=RB
Body Rune,Riftbound,single,Origins,2226,Near Mint,,1,https://cmsassets.rgpub.io/sanity/images/dsfx7636/game_data_live/011081f82cab36f8ec0d6874492512fd7859f59e-1488x2078.png?accountingTag=RB
Body Rune,Riftbound,single,Origins,59,Near Mint,,1,https://cmsassets.rgpub.io/sanity/images/dsfx7636/game_data_live/3b3c3c07626d6180457c849047e0228dc0d19539-744x1039.png?accountingTag=RB
Cannon Barrage,Riftbound,single,Origins,55,Near Mint,,1,https://cmsassets.rgpub.io/sanity/images/dsfx7636/game_data_live/07ef531829e5c6084a8d31044ebd783a9266f59e-744x1039.png?accountingTag=RB
Challenge,Riftbound,single,Origins,110,Near Mint,,1,https://cmsassets.rgpub.io/sanity/images/dsfx7636/game_data_live/f5c1aeaee373c481b7ea2a638cd6f9e815ac105d-744x1039.png?accountingTag=RB
Confront,Riftbound,single,Origins,50,Near Mint,,1,https://cmsassets.rgpub.io/sanity/images/dsfx7636/game_data_live/691a38a7c344fdb5ee86e34d41321d99754286a7-744x1039.png?accountingTag=RB
Crackshot Corsair,Riftbound,single,Origins,27,Near Mint,,1,https://cmsassets.rgpub.io/sanity/images/dsfx7636/game_data_live/9106ab084e02d7a489cb351e98112e5833b0bb11-744x1039.png?accountingTag=RB
Dune Drake,Riftbound,single,Origins,37,Near Mint,,1,https://cmsassets.rgpub.io/sanity/images/dsfx7636/game_data_live/ba18bf4a5fa9777a0cb5ae69cc7e6f049bbceaa0-744x1039.png?accountingTag=RB
First Mate,Riftbound,single,Origins,96,Near Mint,,1,https://cmsassets.rgpub.io/sanity/images/dsfx7636/game_data_live/85e2b436ea482d53563cc5fa955f2a867ee6c32f-744x1039.png?accountingTag=RB
Flurry of Blades,Riftbound,single,Origins,69,Near Mint,,1,https://cmsassets.rgpub.io/sanity/images/dsfx7636/game_data_live/c72f872e7e71b55b2074c5be4f2d7a44fa6fafca-744x1039.png?accountingTag=RB
Mobilize,Riftbound,single,Origins,46,Near Mint,,1,https://cmsassets.rgpub.io/sanity/images/dsfx7636/game_data_live/cb22153e84ce250192b8e6e75e7f4dc0b66a728c-744x1039.png?accountingTag=RB
Pakaa Cub,Riftbound,single,Origins,18,Near Mint,,1,https://cmsassets.rgpub.io/sanity/images/dsfx7636/game_data_live/156a66d7d44165367cc5a470fb35c86f337f9429-744x1039.png?accountingTag=RB
Pit Rookie,Riftbound,single,Origins,50,Near Mint,,1,https://cmsassets.rgpub.io/sanity/images/dsfx7636/game_data_live/ec19eeaee85c7e5669387a3f6ccb7718f5a0f570-744x1039.png?accountingTag=RB
Stormclaw Ursine,Riftbound,single,Origins,41,Near Mint,,1,https://cmsassets.rgpub.io/sanity/images/dsfx7636/game_data_live/137e5a1faec1c8b26a5a0abc7802f6461cc725c8-744x1039.png?accountingTag=RB
Catalyst of Aeons,Riftbound,single,Origins,219,Near Mint,,1,https://cmsassets.rgpub.io/sanity/images/dsfx7636/game_data_live/4753707323ab6f9ac572c097f29f2f76ac62f54f-744x1039.png?accountingTag=RB
Cithria of Cloudfield,Riftbound,single,Origins,55,Near Mint,,1,https://cmsassets.rgpub.io/sanity/images/dsfx7636/game_data_live/6f0931db65e25e0a8d8351ffb97f8deed5dc0aa9-744x1039.png?accountingTag=RB
Herald of Scales,Riftbound,single,Origins,96,Near Mint,,1,https://cmsassets.rgpub.io/sanity/images/dsfx7636/game_data_live/be49bceea1d328769774fb4daac4732861f6e4fd-744x1039.png?accountingTag=RB
Kinkou Monk,Riftbound,single,Origins,78,Near Mint,,1,https://cmsassets.rgpub.io/sanity/images/dsfx7636/game_data_live/648b22c6f419ee55723247bbf4c3ac10f0be9ab5-744x1039.png?accountingTag=RB
Mountain Drake,Riftbound,single,Origins,41,Near Mint,,1,https://cmsassets.rgpub.io/sanity/images/dsfx7636/game_data_live/8a9c1d334b217e9bd0b23dfca2054de4d0b90ff1-744x1039.png?accountingTag=RB
Pirate's Haven,Riftbound,single,Origins,46,Near Mint,,1,https://cmsassets.rgpub.io/sanity/images/dsfx7636/game_data_live/1991b64d58cbd3698574f44b404f7a88d6403134-744x1039.png?accountingTag=RB
Spoils of War,Riftbound,single,Origins,82,Near Mint,,1,https://cmsassets.rgpub.io/sanity/images/dsfx7636/game_data_live/b8d59d015d6b8e15822b360447fcb364e14d550f-744x1039.png?accountingTag=RB
Unyielding Spirit,Riftbound,single,Origins,356,Near Mint,,1,https://cmsassets.rgpub.io/sanity/images/dsfx7636/game_data_live/9afea96ec04ce0c2ee76c4affbf4e6df470e7647-744x1039.png?accountingTag=RB
Wallop,Riftbound,single,Origins,73,Near Mint,,1,https://cmsassets.rgpub.io/sanity/images/dsfx7636/game_data_live/7bbd2eb8ce224e1872a1c920d7c64d796b2355cd-744x1039.png?accountingTag=RB
Wildclaw Shaman,Riftbound,single,Origins,37,Near Mint,,1,https://cmsassets.rgpub.io/sanity/images/dsfx7636/game_data_live/7abc938fee4ba397f52c8ea60d350857a7517b0c-744x1039.png?accountingTag=RB
"Anivia, Primal",Riftbound,single,Origins,155,Near Mint,,1,https://cmsassets.rgpub.io/sanity/images/dsfx7636/game_data_live/ca1a56035333e31b3a04d67ee9131bb4d533e5db-744x1039.png?accountingTag=RB
Carnivorous Snapvine,Riftbound,single,Origins,151,Near Mint,,1,https://cmsassets.rgpub.io/sanity/images/dsfx7636/game_data_live/5ceaec3452d623931b5ac93d0af26b180b9646de-744x1039.png?accountingTag=RB
Kraken Hunter,Riftbound,single,Origins,78,Near Mint,,1,https://cmsassets.rgpub.io/sanity/images/dsfx7636/game_data_live/51aab4710d000a9c1e665a37ef8c919ff11b0282-744x1039.png?accountingTag=RB
"Lee Sin, Centered",Riftbound,single,Origins,96,Near Mint,,1,https://cmsassets.rgpub.io/sanity/images/dsfx7636/game_data_live/eca1aec1304de9c237751eb0aeed620b9ad0408e-744x1039.png?accountingTag=RB
"Lee Sin, Centered",Riftbound,single,Origins,526,Near Mint,,1,https://cmsassets.rgpub.io/sanity/images/dsfx7636/game_data_live/68d9364d3138e06a25724a0aaae0b7226472cd68-744x1039.png?accountingTag=RB
Mistfall,Riftbound,single,Origins,69,Near Mint,,1,https://cmsassets.rgpub.io/sanity/images/dsfx7636/game_data_live/1cedf0dcd6c4a44ae867e9f04f9f179d9b91c357-744x1039.png?accountingTag=RB
Overt Operation,Riftbound,single,Origins,96,Near Mint,,1,https://cmsassets.rgpub.io/sanity/images/dsfx7636/game_data_live/69dba13c930ba3962851346d2bc6cbeb4ca48455-744x1039.png?accountingTag=RB
Primal Strength,Riftbound,single,Origins,169,Near Mint,,1,https://cmsassets.rgpub.io/sanity/images/dsfx7636/game_data_live/dfd910a9836cd36340d0ffdb5fe8cb92a1069963-744x1039.png?accountingTag=RB
"Qiyana, Victorious",Riftbound,single,Origins,283,Near Mint,,1,https://cmsassets.rgpub.io/sanity/images/dsfx7636/game_data_live/90d1a07ef0c6c8282e6eee77e479254f50752eb2-744x1039.png?accountingTag=RB
Sabotage,Riftbound,single,Origins,6201,Near Mint,,1,https://cmsassets.rgpub.io/sanity/images/dsfx7636/game_data_live/70f186b85fd224ee23dcf64957f0fab835d28040-744x1039.png?accountingTag=RB
"Udyr, Wildman",Riftbound,single,Origins,101,Near Mint,,1,https://cmsassets.rgpub.io/sanity/images/dsfx7636/game_data_live/2e461e5d05b5ee86e47a425c42c6f3b3c12bc4cf-744x1039.png?accountingTag=RB
"Volibear, Imposing",Riftbound,single,Origins,768,Near Mint,,1,https://cmsassets.rgpub.io/sanity/images/dsfx7636/game_data_live/faceb90b6a46e79eadba43871b8cffe1ec5037a7-744x1039.png?accountingTag=RB
"Volibear, Imposing",Riftbound,single,Origins,101,Near Mint,,1,https://cmsassets.rgpub.io/sanity/images/dsfx7636/game_data_live/bcb15f95f4a72f8b070a3b1cd54e6482fe1a4b3e-744x1039.png?accountingTag=RB
"Warwick, Hunter",Riftbound,single,Origins,165,Near Mint,,1,https://cmsassets.rgpub.io/sanity/images/dsfx7636/game_data_live/fcbf878905001fa81858e9f081346fd05425f264-744x1039.png?accountingTag=RB
Dazzling Aurora,Riftbound,single,Origins,19468,Near Mint,,1,https://cmsassets.rgpub.io/sanity/images/dsfx7636/game_data_live/c023856a50c75058465f283d181277ce265ba108-744x1039.png?accountingTag=RB
Deadbloom Predator,Riftbound,single,Origins,3697,Near Mint,,1,https://cmsassets.rgpub.io/sanity/images/dsfx7636/game_data_live/112b4b3847b26ea2d245ac0976717d109be7b032-744x1039.png?accountingTag=RB
"Miss Fortune, Captain",Riftbound,single,Origins,4054,Near Mint,,1,https://cmsassets.rgpub.io/sanity/images/dsfx7636/game_data_live/6a7a0dfa952259993fa0d8998a820585ff4f81c6-744x1039.png?accountingTag=RB
"Miss Fortune, Captain",Riftbound,single,Origins,1133,Near Mint,,1,https://cmsassets.rgpub.io/sanity/images/dsfx7636/game_data_live/3c7b219245cd6c6ee835974dd74771bc605289de-744x1039.png?accountingTag=RB
Seal of Strength,Riftbound,single,Origins,2984,Near Mint,,1,https://cmsassets.rgpub.io/sanity/images/dsfx7636/game_data_live/415644b2798348e3d7198ec900cc40aaa4eb8bdf-744x1039.png?accountingTag=RB
"Sett, Brawler",Riftbound,single,Origins,7225,Near Mint,,1,https://cmsassets.rgpub.io/sanity/images/dsfx7636/game_data_live/26e65c15e8a1ce1a9cd60d96345c7916e67e00ac-744x1039.png?accountingTag=RB
"Sett, Brawler",Riftbound,single,Origins,6850,Near Mint,,1,https://cmsassets.rgpub.io/sanity/images/dsfx7636/game_data_live/00ddd4d478f2e49e18a60ed67f4d1452041b7da3-744x1039.png?accountingTag=RB
Cemetery Attendant,Riftbound,single,Origins,46,Near Mint,,1,https://cmsassets.rgpub.io/sanity/images/dsfx7636/game_data_live/6bbbe6923105c53fc6b2a44430db940e009609b6-744x1039.png?accountingTag=RB
Chaos Rune,Riftbound,single,Origins,59,Near Mint,,1,https://cmsassets.rgpub.io/sanity/images/dsfx7636/game_data_live/daf23b0deaa5e1a5a5d310b59e9ad25d1bd70363-744x1039.png?accountingTag=RB
Ember Monk,Riftbound,single,Origins,73,Near Mint,,1,https://cmsassets.rgpub.io/sanity/images/dsfx7636/game_data_live/0441f70a7acc377d8cbe08559b7a2fc3139c903b-744x1039.png?accountingTag=RB
Fight or Flight,Riftbound,single,Origins,59,Near Mint,,1,https://cmsassets.rgpub.io/sanity/images/dsfx7636/game_data_live/2e7c7ad72889878e2dd5932d203814b185e74a87-744x1039.png?accountingTag=RB
Gust,Riftbound,single,Origins,78,Near Mint,,1,https://cmsassets.rgpub.io/sanity/images/dsfx7636/game_data_live/dfd3b161ab76ba0c5d503384f1289b3395434b10-744x1039.png?accountingTag=RB
Morbid Return,Riftbound,single,Origins,41,Near Mint,,1,https://cmsassets.rgpub.io/sanity/images/dsfx7636/game_data_live/33b5ca4e580b94f2056bd884a4a35e8c630920a2-744x1039.png?accountingTag=RB
Mystic Poro,Riftbound,single,Origins,64,Near Mint,,1,https://cmsassets.rgpub.io/sanity/images/dsfx7636/game_data_live/11af57d045768e886d05e1c0933b0d57cb1e459d-744x1039.png?accountingTag=RB
Rebuke,Riftbound,single,Origins,151,Near Mint,,1,https://cmsassets.rgpub.io/sanity/images/dsfx7636/game_data_live/c8e1ad72e9d562f9267c1512f29e9c04dc5cc15f-744x1039.png?accountingTag=RB
Ride the Wind,Riftbound,single,Origins,324,Near Mint,,1,https://cmsassets.rgpub.io/sanity/images/dsfx7636/game_data_live/864d9f8992db7f9a9e795d9438d941ca564ddde7-744x1039.png?accountingTag=RB
Sai Scout,Riftbound,single,Origins,27,Near Mint,,1,https://cmsassets.rgpub.io/sanity/images/dsfx7636/game_data_live/eab1fc8c95931519319c4c80681a261d75214c48-744x1039.png?accountingTag=RB
Shipyard Skulker,Riftbound,single,Origins,32,Near Mint,,1,https://cmsassets.rgpub.io/sanity/images/dsfx7636/game_data_live/000634f32b897638760b82e5365961f6d85bc0cb-744x1039.png?accountingTag=RB
Sneaky Deckhand,Riftbound,single,Origins,101,Near Mint,,1,https://cmsassets.rgpub.io/sanity/images/dsfx7636/game_data_live/6f95b6aac293d8e477192281df47d8466da502bf-744x1039.png?accountingTag=RB
Stealthy Pursuer,Riftbound,single,Origins,32,Near Mint,,1,https://cmsassets.rgpub.io/sanity/images/dsfx7636/game_data_live/ab23fd84badd67e9981512acbe6c3e9a8f97f42d-744x1039.png?accountingTag=RB
Undercover Agent,Riftbound,single,Origins,23,Near Mint,,1,https://cmsassets.rgpub.io/sanity/images/dsfx7636/game_data_live/3e4e318c0cc97b13646ee454da71046a09236e47-744x1039.png?accountingTag=RB
Acceptable Losses,Riftbound,single,Origins,183,Near Mint,,1,https://cmsassets.rgpub.io/sanity/images/dsfx7636/game_data_live/b2b470bab1ae511ab9de0b1ce576e2050532a081-744x1039.png?accountingTag=RB
Fading Memories,Riftbound,single,Origins,91,Near Mint,,1,https://cmsassets.rgpub.io/sanity/images/dsfx7636/game_data_live/a2b366942f1a7ec1f4bd3c1b17e10356214705d7-744x1039.png?accountingTag=RB
Pack of Wonders,Riftbound,single,Origins,151,Near Mint,,1,https://cmsassets.rgpub.io/sanity/images/dsfx7636/game_data_live/a0830f326c49abe7fb1d3c9787e7ce5d7b776eec-744x1039.png?accountingTag=RB
Scrapheap,Riftbound,single,Origins,73,Near Mint,,1,https://cmsassets.rgpub.io/sanity/images/dsfx7636/game_data_live/0c059786e89a2443221b7c0b8ca39779dcc9c755-744x1038.png?accountingTag=RB
Stacked Deck,Riftbound,single,Origins,3866,Near Mint,,1,https://cmsassets.rgpub.io/sanity/images/dsfx7636/game_data_live/fdcb22cb620a4c1c37920d6b744edb615647cbd4-744x1039.png?accountingTag=RB
The Syren,Riftbound,single,Origins,78,Near Mint,,1,https://cmsassets.rgpub.io/sanity/images/dsfx7636/game_data_live/cafdd212b542243e10e5fac587616ab77e3d9cf1-744x1039.png?accountingTag=RB
Traveling Merchant,Riftbound,single,Origins,78,Near Mint,,1,https://cmsassets.rgpub.io/sanity/images/dsfx7636/game_data_live/b7dbebe2bf5691391c8e4146e478b8bd2ac40aef-744x1039.png?accountingTag=RB
Treasure Trove,Riftbound,single,Origins,187,Near Mint,,1,https://cmsassets.rgpub.io/sanity/images/dsfx7636/game_data_live/682f5ee828ede4dbaf428cd0666db64ee8bae722-744x1039.png?accountingTag=RB
Whirlwind,Riftbound,single,Origins,59,Near Mint,,1,https://cmsassets.rgpub.io/sanity/images/dsfx7636/game_data_live/24f5e0a8811b5a0e0930c0f6476600e2a37a5f93-744x1039.png?accountingTag=RB
Zaunite Bouncer,Riftbound,single,Origins,64,Near Mint,,1,https://cmsassets.rgpub.io/sanity/images/dsfx7636/game_data_live/0f4e8258e3920e4a4654cfe74faf8c266f2aa5dd-744x1039.png?accountingTag=RB
"Kayn, Unleashed",Riftbound,single,Origins,146,Near Mint,,1,https://cmsassets.rgpub.io/sanity/images/dsfx7636/game_data_live/a1ce0e784264748f170bebb3b26a09a7f55efe0f-744x1039.png?accountingTag=RB
"Kog'Maw, Caustic",Riftbound,single,Origins,155,Near Mint,,1,https://cmsassets.rgpub.io/sanity/images/dsfx7636/game_data_live/1ba2b780619714f2bf97597a180f3b118f4faf55-744x1039.png?accountingTag=RB
Maddened Marauder,Riftbound,single,Origins,110,Near Mint,,1,https://cmsassets.rgpub.io/sanity/images/dsfx7636/game_data_live/0f3a2ab8e5894e0dd1b625ee29f3304e7832ef9a-744x1039.png?accountingTag=RB
Mindsplitter,Riftbound,single,Origins,1449,Near Mint,,1,https://cmsassets.rgpub.io/sanity/images/dsfx7636/game_data_live/8753058698cff6455da6cccd13a7fe901a164051-744x1039.png?accountingTag=RB
"Miss Fortune, Buccaneer",Riftbound,single,Origins,146,Near Mint,,1,https://cmsassets.rgpub.io/sanity/images/dsfx7636/game_data_live/e6ff9ad3d6e2b96ff76cda4c7bc75415c1cdcced-744x1039.png?accountingTag=RB
"Miss Fortune, Buccaneer",Riftbound,single,Origins,1339,Near Mint,,1,https://cmsassets.rgpub.io/sanity/images/dsfx7636/game_data_live/8fde2eeb516af55b24467569aa982037f5b67b89-744x1039.png?accountingTag=RB
"Nocturne, Horrifying",Riftbound,single,Origins,567,Near Mint,,1,https://cmsassets.rgpub.io/sanity/images/dsfx7636/game_data_live/19a751364bc6eb5297596e8733d0d30a1111ac78-744x1039.png?accountingTag=RB
Rhasa the Sunderer,Riftbound,single,Origins,228,Near Mint,,1,https://cmsassets.rgpub.io/sanity/images/dsfx7636/game_data_live/e34fe8a9ee533dee99f96b4e6677d1edbd6a262d-744x1039.png?accountingTag=RB
Soulgorger,Riftbound,single,Origins,123,Near Mint,,1,https://cmsassets.rgpub.io/sanity/images/dsfx7636/game_data_live/439c4fa7c8c47cba41df8bce3fe3c8068d297382-744x1039.png?accountingTag=RB
"Teemo, Scout",Riftbound,single,Origins,5109,Near Mint,,1,https://cmsassets.rgpub.io/sanity/images/dsfx7636/game_data_live/404a8aa0061b58611bd913b58dd01d99fdb8087d-744x1039.png?accountingTag=RB
"Teemo, Scout",Riftbound,single,Origins,1056,Near Mint,,1,https://cmsassets.rgpub.io/sanity/images/dsfx7636/game_data_live/ca8a2e11dd78dd09ad1c9ad3a23e5699254b947e-744x1039.png?accountingTag=RB
The Harrowing,Riftbound,single,Origins,119,Near Mint,,1,https://cmsassets.rgpub.io/sanity/images/dsfx7636/game_data_live/6914034f56dd50ab37df26e3541c997479bb5a6d-744x1039.png?accountingTag=RB
Tideturner,Riftbound,single,Origins,1531,Near Mint,,1,https://cmsassets.rgpub.io/sanity/images/dsfx7636/game_data_live/bad355dba8b32d1fba33dc3924cad6a34b61b5af-744x1039.png?accountingTag=RB
"Twisted Fate, Gambler",Riftbound,single,Origins,123,Near Mint,,1,https://cmsassets.rgpub.io/sanity/images/dsfx7636/game_data_live/9eff1a038528c4d633196f13259670d84b74c2a8-744x1039.png?accountingTag=RB
Invert Timelines,Riftbound,single,Origins,6156,Near Mint,,1,https://cmsassets.rgpub.io/sanity/images/dsfx7636/game_data_live/b916326fdcf61af4630d953c7540a4aa97e6db01-744x1039.png?accountingTag=RB
"Jinx, Rebel",Riftbound,single,Origins,1453,Near Mint,,1,https://cmsassets.rgpub.io/sanity/images/dsfx7636/game_data_live/a7fe105f40df66525be51bd18e25506945a7b027-744x1039.png?accountingTag=RB
"Jinx, Rebel",Riftbound,single,Origins,1284,Near Mint,,1,https://cmsassets.rgpub.io/sanity/images/dsfx7636/game_data_live/da4c4f96081b4c0e151dba74a0ef6eae338478f0-744x1039.png?accountingTag=RB
Possession,Riftbound,single,Origins,516,Near Mint,,1,https://cmsassets.rgpub.io/sanity/images/dsfx7636/game_data_live/f26462174fd01407f25f7d49a70862d2b9af35cc-744x1039.png?accountingTag=RB
Seal of Discord,Riftbound,single,Origins,5150,Near Mint,,1,https://cmsassets.rgpub.io/sanity/images/dsfx7636/game_data_live/dd8433e77e46ca77aaf0be35d1774218d9a2f037-744x1039.png?accountingTag=RB
"Yasuo, Windrider",Riftbound,single,Origins,1348,Near Mint,,1,https://cmsassets.rgpub.io/sanity/images/dsfx7636/game_data_live/35f7ca6802af48585af55d23cf7675a8922d8535-744x1039.png?accountingTag=RB
"Yasuo, Windrider",Riftbound,single,Origins,571,Near Mint,,1,https://cmsassets.rgpub.io/sanity/images/dsfx7636/game_data_live/f5ba378ce4dad16d17e001814e091d5f484f2681-744x1039.png?accountingTag=RB
Back to Back,Riftbound,single,Origins,27,Near Mint,,1,https://cmsassets.rgpub.io/sanity/images/dsfx7636/game_data_live/7f5585dcd3e9c7866e3b99cb169a0404ea4c010f-744x1039.png?accountingTag=RB
Call to Glory,Riftbound,single,Origins,73,Near Mint,,1,https://cmsassets.rgpub.io/sanity/images/dsfx7636/game_data_live/ced53bc3fb15f263471067fc3868295b09e62a07-744x1039.png?accountingTag=RB
Cruel Patron,Riftbound,single,Origins,27,Near Mint,,1,https://cmsassets.rgpub.io/sanity/images/dsfx7636/game_data_live/c1c2c08fa0032a245c1ffee6ba29fff2826bd468-744x1039.png?accountingTag=RB
Cull the Weak,Riftbound,single,Origins,137,Near Mint,,1,https://cmsassets.rgpub.io/sanity/images/dsfx7636/game_data_live/49338a4b31727c6ef50e7dbc54e7004dcd2b6f4c-744x1039.png?accountingTag=RB
Daring Poro,Riftbound,single,Origins,46,Near Mint,,1,https://cmsassets.rgpub.io/sanity/images/dsfx7636/game_data_live/41dee7ec46124c261352595cfbd8a6d38d32b947-744x1039.png?accountingTag=RB
Faithful Manufactor,Riftbound,single,Origins,46,Near Mint,,1,https://cmsassets.rgpub.io/sanity/images/dsfx7636/game_data_live/b41107b7456a2a38d203983b1e504e3789d6b6ea-744x1039.png?accountingTag=RB
Forge of the Future,Riftbound,single,Origins,46,Near Mint,,1,https://cmsassets.rgpub.io/sanity/images/dsfx7636/game_data_live/8e6a76d28590bcd835b0a9a1e806fe0fa6883141-744x1039.png?accountingTag=RB
Hidden Blade,Riftbound,single,Origins,457,Near Mint,,1,https://cmsassets.rgpub.io/sanity/images/dsfx7636/game_data_live/0437ab8a0b67f43ef5483a103bbae9e57fd05822-744x1039.png?accountingTag=RB
Order Rune,Riftbound,single,Origins,2514,Near Mint,,1,https://cmsassets.rgpub.io/sanity/images/dsfx7636/game_data_live/0e4904221c3bbbfcfde1734bc414dbe97c67e295-1488x2078.png?accountingTag=RB
Order Rune,Riftbound,single,Origins,55,Near Mint,,1,https://cmsassets.rgpub.io/sanity/images/dsfx7636/game_data_live/35ec6fdd2124324bb7052cba31c8c44f2e98f3ae-744x1039.png?accountingTag=RB
Petty Officer,Riftbound,single,Origins,23,Near Mint,,1,https://cmsassets.rgpub.io/sanity/images/dsfx7636/game_data_live/29e062c4a38c0be12056568a2f8563557e2611c6-744x1039.png?accountingTag=RB
Soaring Scout,Riftbound,single,Origins,64,Near Mint,,1,https://cmsassets.rgpub.io/sanity/images/dsfx7636/game_data_live/75b6ce420888035b566c3795cabe0999a9a918b0-744x1039.png?accountingTag=RB
Trifarian Gloryseeker,Riftbound,single,Origins,37,Near Mint,,1,https://cmsassets.rgpub.io/sanity/images/dsfx7636/game_data_live/19ad6a0e743b56021b9651a2105034a488e172e8-744x1039.png?accountingTag=RB
Vanguard Captain,Riftbound,single,Origins,78,Near Mint,,1,https://cmsassets.rgpub.io/sanity/images/dsfx7636/game_data_live/f0c9ddb2af7a0d4991938cf1e3058eb0f5d2e357-744x1039.png?accountingTag=RB
Vanguard Sergeant,Riftbound,single,Origins,14,Near Mint,,1,https://cmsassets.rgpub.io/sanity/images/dsfx7636/game_data_live/6bcff5c718cfcff1c2466bf5e1a2a1ea9a9cf09b-744x1039.png?accountingTag=RB
Facebreaker,Riftbound,single,Origins,96,Near Mint,,1,https://cmsassets.rgpub.io/sanity/images/dsfx7636/game_data_live/b7cddc717b886bb955b900ffaae4db9154a19280-744x1039.png?accountingTag=RB
Imperial Decree,Riftbound,single,Origins,329,Near Mint,,1,https://cmsassets.rgpub.io/sanity/images/dsfx7636/game_data_live/fc6ab617f1ce20c82ed76dc6446d42d416c08b34-744x1039.png?accountingTag=RB
Noxian Drummer,Riftbound,single,Origins,55,Near Mint,,1,https://cmsassets.rgpub.io/sanity/images/dsfx7636/game_data_live/45a69adf92b6951c8c8fa974273c22aade312068-744x1039.png?accountingTag=RB
Peak Guardian,Riftbound,single,Origins,59,Near Mint,,1,https://cmsassets.rgpub.io/sanity/images/dsfx7636/game_data_live/bb56433bc032fd31a957923c43babc48b66db24c-744x1039.png?accountingTag=RB
Salvage,Riftbound,single,Origins,1508,Near Mint,,1,https://cmsassets.rgpub.io/sanity/images/dsfx7636/game_data_live/9bdbac358e7c9415c1354b6d1f6888dcf9c5519b-744x1039.png?accountingTag=RB
Solari Chief,Riftbound,single,Origins,82,Near Mint,,1,https://cmsassets.rgpub.io/sanity/images/dsfx7636/game_data_live/02fd791fdaa7d1c63221655e889fb412de103ca2-744x1039.png?accountingTag=RB
Spectral Matron,Riftbound,single,Origins,151,Near Mint,,1,https://cmsassets.rgpub.io/sanity/images/dsfx7636/game_data_live/c8aebd03c8722d485ebfc38774488778c756ff5c-744x1039.png?accountingTag=RB
Symbol of the Solari,Riftbound,single,Origins,59,Near Mint,,1,https://cmsassets.rgpub.io/sanity/images/dsfx7636/game_data_live/d4f746c396df48623ef8a4df763b5deb47f59339-744x1039.png?accountingTag=RB
Vanguard Helm,Riftbound,single,Origins,46,Near Mint,,1,https://cmsassets.rgpub.io/sanity/images/dsfx7636/game_data_live/9718c666cbf789a572760c826d0a06b26b787ae5-744x1039.png?accountingTag=RB
Vengeance,Riftbound,single,Origins,114,Near Mint,,1,https://cmsassets.rgpub.io/sanity/images/dsfx7636/game_data_live/a21e2ffee47ecdd1575bf48edb8c2a84722cc6b9-744x1039.png?accountingTag=RB
Albus Ferros,Riftbound,single,Origins,55,Near Mint,,1,https://cmsassets.rgpub.io/sanity/images/dsfx7636/game_data_live/ec0be8d2a79196b689fccf9ee42ce8baa7e9c35e-744x1039.png?accountingTag=RB
Commander Ledros,Riftbound,single,Origins,114,Near Mint,,1,https://cmsassets.rgpub.io/sanity/images/dsfx7636/game_data_live/1183be5effc6275f17da09b983feb36632752af4-744x1039.png?accountingTag=RB
"Fiora, Victorious",Riftbound,single,Origins,800,Near Mint,,1,https://cmsassets.rgpub.io/sanity/images/dsfx7636/game_data_live/24d4d1997e6a5b145412e402fc69399d590ecda0-744x1039.png?accountingTag=RB
Grand Strategem,Riftbound,single,Origins,155,Near Mint,,1,https://cmsassets.rgpub.io/sanity/images/dsfx7636/game_data_live/bda7514aefa94ac3f368690cdd2d0f955d44c089-744x1039.png?accountingTag=RB
Harnessed Dragon,Riftbound,single,Origins,919,Near Mint,,1,https://cmsassets.rgpub.io/sanity/images/dsfx7636/game_data_live/00bc15bc1c2f5b8e6d1713819998df1c04864dcb-744x1039.png?accountingTag=RB
"Karma, Channeler",Riftbound,single,Origins,119,Near Mint,,1,https://cmsassets.rgpub.io/sanity/images/dsfx7636/game_data_live/aca8664b334f2fa40cc7bae2811dd4e1b4f06388-744x1039.png?accountingTag=RB
"Karthus, Eternal",Riftbound,single,Origins,1225,Near Mint,,1,https://cmsassets.rgpub.io/sanity/images/dsfx7636/game_data_live/df3497ce6a602da554813340f572240675c7f0e2-744x1039.png?accountingTag=RB
King's Edict,Riftbound,single,Origins,96,Near Mint,,1,https://cmsassets.rgpub.io/sanity/images/dsfx7636/game_data_live/ec1b8b98e1ca7a34939322883309c71605bb8bc5-744x1039.png?accountingTag=RB
"Leona, Determined",Riftbound,single,Origins,1174,Near Mint,,1,https://cmsassets.rgpub.io/sanity/images/dsfx7636/game_data_live/1ed0250f1d3bbbbde49b3ce1fc2e744e4da64baa-744x1039.png?accountingTag=RB
"Leona, Determined",Riftbound,single,Origins,169,Near Mint,,1,https://cmsassets.rgpub.io/sanity/images/dsfx7636/game_data_live/39a1e121031cfb4bdb009b071ed5d70411966cd9-744x1039.png?accountingTag=RB
Machine Evangel,Riftbound,single,Origins,146,Near Mint,,1,https://cmsassets.rgpub.io/sanity/images/dsfx7636/game_data_live/ad15d4ff89548e83dcede9b209b12233652cf3a1-744x1039.png?accountingTag=RB
"Sett, Kingpin",Riftbound,single,Origins,123,Near Mint,,1,https://cmsassets.rgpub.io/sanity/images/dsfx7636/game_data_live/bd43f1dcef824b66f1af994b59b961fc3705f9c3-744x1039.png?accountingTag=RB
"Sett, Kingpin",Riftbound,single,Origins,452,Near Mint,,1,https://cmsassets.rgpub.io/sanity/images/dsfx7636/game_data_live/010bbd89c60c57dc508f6b22201d31bb188f84d6-744x1039.png?accountingTag=RB
"Shen, Kinkou",Riftbound,single,Origins,242,Near Mint,,1,https://cmsassets.rgpub.io/sanity/images/dsfx7636/game_data_live/25f3a9fa33201278ebf475b2d02dae8c0c0cb20c-744x1039.png?accountingTag=RB
Baited Hook,Riftbound,single,Origins,28384,Near Mint,,1,https://cmsassets.rgpub.io/sanity/images/dsfx7636/game_data_live/7b4e6a1e32878a7d5fe4e40869c83e47ea08de7c-744x1039.png?accountingTag=RB
"Darius, Executioner",Riftbound,single,Origins,964,Near Mint,,1,https://cmsassets.rgpub.io/sanity/images/dsfx7636/game_data_live/76a697f29d4fc3cd9a5e9a0ce79f229d26bc0c90-744x1039.png?accountingTag=RB
"Darius, Executioner",Riftbound,single,Origins,462,Near Mint,,1,https://cmsassets.rgpub.io/sanity/images/dsfx7636/game_data_live/7b71cf13a07074a6eccbe88ae6c74133d989cb68-744x1039.png?accountingTag=RB
Divine Judgment,Riftbound,single,Origins,1197,Near Mint,,1,https://cmsassets.rgpub.io/sanity/images/dsfx7636/game_data_live/995778eea2e24fdc62ade38c2baa25b9f1e6ab79-744x1039.png?accountingTag=RB
Seal of Unity,Riftbound,single,Origins,7394,Near Mint,,1,https://cmsassets.rgpub.io/sanity/images/dsfx7636/game_data_live/e6fbd41d69bc0d235ea7993d2e9fa74e75e17dff-744x1039.png?accountingTag=RB
"Viktor, Leader",Riftbound,single,Origins,594,Near Mint,,1,https://cmsassets.rgpub.io/sanity/images/dsfx7636/game_data_live/ab390d6d074c3f07abba000cc166faa1796ec464-744x1039.png?accountingTag=RB
"Viktor, Leader",Riftbound,single,Origins,1270,Near Mint,,1,https://cmsassets.rgpub.io/sanity/images/dsfx7636/game_data_live/19b66f8eccd6d6e9d41048f73e44660f1cf77068-744x1039.png?accountingTag=RB
Daughter of the Void,Riftbound,single,Origins,146,Near Mint,,1,https://cmsassets.rgpub.io/sanity/images/dsfx7636/game_data_live/a576472c7bb00f475882ac814e1d8f9be233b402-744x1040.png?accountingTag=RB
Icathian Rain,Riftbound,single,Origins,987,Near Mint,,1,https://cmsassets.rgpub.io/sanity/images/dsfx7636/game_data_live/8df37f633d3da734f3f2d85808a7cb9eadec1b04-744x1039.png?accountingTag=RB
Relentless Storm,Riftbound,single,Origins,73,Near Mint,,1,https://cmsassets.rgpub.io/sanity/images/dsfx7636/game_data_live/f1842ef373434db3e8109d8959832f9d184866c3-744x1040.png?accountingTag=RB
Stormbringer,Riftbound,single,Origins,1828,Near Mint,,1,https://cmsassets.rgpub.io/sanity/images/dsfx7636/game_data_live/d86c4137cc7f77f103cd7d6228125df8cb9a54e1-744x1039.png?accountingTag=RB
Loose Cannon,Riftbound,single,Origins,105,Near Mint,,1,https://cmsassets.rgpub.io/sanity/images/dsfx7636/game_data_live/f57c14381b126e9f5a7b5bc4913151cb24c14fc3-744x1039.png?accountingTag=RB
Super Mega Death Rocket!,Riftbound,single,Origins,2363,Near Mint,,1,https://cmsassets.rgpub.io/sanity/images/dsfx7636/game_data_live/95d6fd4d7944e759cfe7ee5e208fa329b719333b-744x1039.png?accountingTag=RB
Hand of Noxus,Riftbound,single,Origins,91,Near Mint,,1,https://cmsassets.rgpub.io/sanity/images/dsfx7636/game_data_live/5b9a904048b7fb936377844ec2d31564b7fedf81-744x1039.png?accountingTag=RB
Noxian Guillotine,Riftbound,single,Origins,503,Near Mint,,1,https://cmsassets.rgpub.io/sanity/images/dsfx7636/game_data_live/57f646b0393b58b657cfabf66357d9fc4a34e046-744x1039.png?accountingTag=RB
Nine-Tailed Fox,Riftbound,single,Origins,544,Near Mint,,1,https://cmsassets.rgpub.io/sanity/images/dsfx7636/game_data_live/fbce641f5e4d8cdf2956e8ead5884b6cd3ccd90d-744x1040.png?accountingTag=RB
Fox-Fire,Riftbound,single,Origins,1581,Near Mint,,1,https://cmsassets.rgpub.io/sanity/images/dsfx7636/game_data_live/7ad9d6a46a1c54080d54950a0044da3a82e32b45-744x1039.png?accountingTag=RB
Blind Monk,Riftbound,single,Origins,73,Near Mint,,1,https://cmsassets.rgpub.io/sanity/images/dsfx7636/game_data_live/ffe064e002d3b9a366748eb85102a769b2545835-744x1039.png?accountingTag=RB
Dragon's Rage,Riftbound,single,Origins,489,Near Mint,,1,https://cmsassets.rgpub.io/sanity/images/dsfx7636/game_data_live/7f4cbd4fb340cc13b3fbe0ec0db706464d9b29f4-744x1039.png?accountingTag=RB
Unforgiven,Riftbound,single,Origins,96,Near Mint,,1,https://cmsassets.rgpub.io/sanity/images/dsfx7636/game_data_live/68e4d3230b785738ae9d86f780f7f5607ef11807-744x1040.png?accountingTag=RB
Last Breath,Riftbound,single,Origins,800,Near Mint,,1,https://cmsassets.rgpub.io/sanity/images/dsfx7636/game_data_live/e7e6dc840210124825f787095541a66ae5cea178-744x1039.png?accountingTag=RB
Radiant Dawn,Riftbound,single,Origins,133,Near Mint,,1,https://cmsassets.rgpub.io/sanity/images/dsfx7636/game_data_live/822b8bc7987a47498550708b18ef166b121fd620-744x1039.png?accountingTag=RB
Zenith Blade,Riftbound,single,Origins,3409,Near Mint,,1,https://cmsassets.rgpub.io/sanity/images/dsfx7636/game_data_live/a572f0bc3ed1bd47c5759d36f5b951b15338e57e-744x1039.png?accountingTag=RB
Swift Scout,Riftbound,single,Origins,169,Near Mint,,1,https://cmsassets.rgpub.io/sanity/images/dsfx7636/game_data_live/9723181e3392bb61c2aabc804a44f7b0558cedf1-744x1039.png?accountingTag=RB
Guerilla Warfare,Riftbound,single,Origins,4497,Near Mint,,1,https://cmsassets.rgpub.io/sanity/images/dsfx7636/game_data_live/3a1f70e49f1fdbac907a3395f517e96717e8afea-744x1039.png?accountingTag=RB
Herald of the Arcane,Riftbound,single,Origins,87,Near Mint,,1,https://cmsassets.rgpub.io/sanity/images/dsfx7636/game_data_live/913236dabf1e4f71650bbba46870fff8163e2eff-744x1039.png?accountingTag=RB
Siphon Power,Riftbound,single,Origins,663,Near Mint,,1,https://cmsassets.rgpub.io/sanity/images/dsfx7636/game_data_live/b449170ba312711c82708d1fea2b044822ce5eaa-744x1039.png?accountingTag=RB
Bounty Hunter,Riftbound,single,Origins,137,Near Mint,,1,https://cmsassets.rgpub.io/sanity/images/dsfx7636/game_data_live/cc11261fcdbf0851525030bd9e835b718efad3bc-744x1040.png?accountingTag=RB
Bullet Time,Riftbound,single,Origins,2363,Near Mint,,1,https://cmsassets.rgpub.io/sanity/images/dsfx7636/game_data_live/96ed7f6b121a7f46003534393350838efe2776f0-744x1039.png?accountingTag=RB
The Boss,Riftbound,single,Origins,119,Near Mint,,1,https://cmsassets.rgpub.io/sanity/images/dsfx7636/game_data_live/b132becb843b2cf418cb110ead64758f49f51554-744x1039.png?accountingTag=RB
Showstopper,Riftbound,single,Origins,4607,Near Mint,,1,https://cmsassets.rgpub.io/sanity/images/dsfx7636/game_data_live/c9b6f7a7cca1589fb53276f74ac8bc547b31e5ec-744x1039.png?accountingTag=RB
Recruit (DE),Riftbound,single,Origins,50,Near Mint,,1,https://cmsassets.rgpub.io/sanity/images/dsfx7636/game_data_live/7c3362dc6e6e6fb724ef31b061a44d2976f5b01f-744x1039.png?accountingTag=RB
Recruit (NX),Riftbound,single,Origins,50,Near Mint,,1,https://cmsassets.rgpub.io/sanity/images/dsfx7636/game_data_live/c168ca334739090a060710dfc440982c3462ac8c-744x1039.png?accountingTag=RB
Recruit (ZN),Riftbound,single,Origins,59,Near Mint,,1,https://cmsassets.rgpub.io/sanity/images/dsfx7636/game_data_live/d93ec9a524a2989b9d7ef23c6fc02e8ce39959c2-744x1039.png?accountingTag=RB
Sprite,Riftbound,single,Origins,55,Near Mint,,1,https://cmsassets.rgpub.io/sanity/images/dsfx7636/game_data_live/055892752559d2d3d32e76f491a7a0b540e1a669-744x1039.png?accountingTag=RB
Altar to Unity,Riftbound,single,Origins,41,Near Mint,,1,https://cmsassets.rgpub.io/sanity/images/dsfx7636/game_data_live/2392529560dc9af72596c6fc65b4c0356bbc44d1-1038x744.png?accountingTag=RB
Aspirant's Climb,Riftbound,single,Origins,114,Near Mint,,1,https://cmsassets.rgpub.io/sanity/images/dsfx7636/game_data_live/9301593f3800e68427469d38181b578a672473c3-1038x744.png?accountingTag=RB
Back-Alley Bar,Riftbound,single,Origins,50,Near Mint,,1,https://cmsassets.rgpub.io/sanity/images/dsfx7636/game_data_live/3e9f659a32e390b45bc87a01bdd6af4a8a3565f7-1038x744.png?accountingTag=RB
Bandle Tree,Riftbound,single,Origins,64,Near Mint,,1,https://cmsassets.rgpub.io/sanity/images/dsfx7636/game_data_live/538f93a34006c4afaddb890cbc75b4db222f1783-1038x744.png?accountingTag=RB
Fortified Position,Riftbound,single,Origins,64,Near Mint,,1,https://cmsassets.rgpub.io/sanity/images/dsfx7636/game_data_live/45363bbd907f4f3717868cb04b3cfed814b3bb32-1038x744.png?accountingTag=RB
Grove of the God-Willow,Riftbound,single,Origins,114,Near Mint,,1,https://cmsassets.rgpub.io/sanity/images/dsfx7636/game_data_live/1574863000ab23d69cbd388a32b1a09f29f78d5f-1038x744.png?accountingTag=RB
Hallowed Tomb,Riftbound,single,Origins,50,Near Mint,,1,https://cmsassets.rgpub.io/sanity/images/dsfx7636/game_data_live/2f29ea42fb3e1c8ce05d2e82f2a2fe0d45851953-1038x744.png?accountingTag=RB
Monastery of Hirana,Riftbound,single,Origins,82,Near Mint,,1,https://cmsassets.rgpub.io/sanity/images/dsfx7636/game_data_live/8767d9ed30e2873d3fa1045f973be229da56175d-1038x744.png?accountingTag=RB
Navori Fighting Pit,Riftbound,single,Origins,46,Near Mint,,1,https://cmsassets.rgpub.io/sanity/images/dsfx7636/game_data_live/c03ed3ddf8b764963e4b0745e86a12a5ebcef2a3-1038x744.png?accountingTag=RB
Obelisk of Power,Riftbound,single,Origins,96,Near Mint,,1,https://cmsassets.rgpub.io/sanity/images/dsfx7636/game_data_live/0ef4890cdc3145616fcf41290a13c63b1afe4e0d-1038x744.png?accountingTag=RB
Reaver's Row,Riftbound,single,Origins,59,Near Mint,,1,https://cmsassets.rgpub.io/sanity/images/dsfx7636/game_data_live/7d99fe84c9b815463198b5dbad694759940cac12-1038x744.png?accountingTag=RB
Reckoner's Arena,Riftbound,single,Origins,55,Near Mint,,1,https://cmsassets.rgpub.io/sanity/images/dsfx7636/game_data_live/6b7d867487efcbefa8c3d67043a839497ec50388-1038x744.png?accountingTag=RB
Sigil of the Storm,Riftbound,single,Origins,69,Near Mint,,1,https://cmsassets.rgpub.io/sanity/images/dsfx7636/game_data_live/9b795e7a2af421aabc01dc6f35c0b5d547fe3c0e-1038x744.png?accountingTag=RB
Startipped Peak,Riftbound,single,Origins,105,Near Mint,,1,https://cmsassets.rgpub.io/sanity/images/dsfx7636/game_data_live/05adde1d8ab40e2a2f832a89ac5c9174ee78796f-1038x744.png?accountingTag=RB
Targon's Peak,Riftbound,single,Origins,105,Near Mint,,1,https://cmsassets.rgpub.io/sanity/images/dsfx7636/game_data_live/6ff1b34ad231645910f670496e1662de0b545a44-1038x744.png?accountingTag=RB
The Arena's Greatest,Riftbound,single,Origins,192,Near Mint,,1,https://cmsassets.rgpub.io/sanity/images/dsfx7636/game_data_live/2afd8bdfdd42b1595af0746a6c6b92879ac770d6-1038x744.png?accountingTag=RB
The Candlelit Sanctum,Riftbound,single,Origins,101,Near Mint,,1,https://cmsassets.rgpub.io/sanity/images/dsfx7636/game_data_live/f14fe78f2b7f3909eadb07bce24bd582e190653d-1038x744.png?accountingTag=RB
The Dreaming Tree,Riftbound,single,Origins,105,Near Mint,,1,https://cmsassets.rgpub.io/sanity/images/dsfx7636/game_data_live/f382c2c2442959f2a8905de2be7d202458918a04-1040x744.png?accountingTag=RB
The Grand Plaza,Riftbound,single,Origins,55,Near Mint,,1,https://cmsassets.rgpub.io/sanity/images/dsfx7636/game_data_live/f9ca8d04cb269ad99bca7e6dae874cad1bec336a-1038x744.png?accountingTag=RB
Trifarian War Camp,Riftbound,single,Origins,123,Near Mint,,1,https://cmsassets.rgpub.io/sanity/images/dsfx7636/game_data_live/3788cf718e716e35a7fa20ec1dc56991644e6484-1038x744.png?accountingTag=RB
Vilemaw's Lair,Riftbound,single,Origins,119,Near Mint,,1,https://cmsassets.rgpub.io/sanity/images/dsfx7636/game_data_live/f374b90a0bec11a5f423e7d4ebd869ab1a146471-1038x744.png?accountingTag=RB
Void Gate,Riftbound,single,Origins,101,Near Mint,,1,https://cmsassets.rgpub.io/sanity/images/dsfx7636/game_data_live/14a52a367fd41fd84745e050e62d1f281f733467-1038x744.png?accountingTag=RB
Windswept Hillock,Riftbound,single,Origins,114,Near Mint,,1,https://cmsassets.rgpub.io/sanity/images/dsfx7636/game_data_live/aba557a4053fd76c6aa95b2b907ec682bad70d9f-1038x744.png?accountingTag=RB
Zaun Warrens,Riftbound,single,Origins,78,Near Mint,,1,https://cmsassets.rgpub.io/sanity/images/dsfx7636/game_data_live/458ee40086c77b43b98c2decbaf33a4aa2359bb9-1038x744.png?accountingTag=RB
Daughter of the Void,Riftbound,single,Origins,1138849,Near Mint,,1,https://cmsassets.rgpub.io/sanity/images/dsfx7636/game_data_live/ae8e68af43400f61f7391c0a6ee339fd718a7540-1488x2078.png?accountingTag=RB
Daughter of the Void,Riftbound,single,Origins,62970,Near Mint,,1,https://cmsassets.rgpub.io/sanity/images/dsfx7636/game_data_live/57e13462b8fea9a5cfa1b424d3ad3005f37b00ad-1488x2078.png?accountingTag=RB
Relentless Storm,Riftbound,single,Origins,22594,Near Mint,,1,https://cmsassets.rgpub.io/sanity/images/dsfx7636/game_data_live/34aa11c88735be28266dbc61486a557454fd6b4c-1488x2078.png?accountingTag=RB
Relentless Storm,Riftbound,single,Origins,333359,Near Mint,,1,https://cmsassets.rgpub.io/sanity/images/dsfx7636/game_data_live/d5a629ce373a6add09bfacc4b584e509c6332334-1488x2078.png?accountingTag=RB
Loose Cannon,Riftbound,single,Origins,442445,Near Mint,,1,https://cmsassets.rgpub.io/sanity/images/dsfx7636/game_data_live/30bed82f66ce9e4eae260d029d92c9d8cb1588ab-1488x2078.png?accountingTag=RB
Loose Cannon,Riftbound,single,Origins,30916,Near Mint,,1,https://cmsassets.rgpub.io/sanity/images/dsfx7636/game_data_live/8a7dbbed04133926e58843f1d586f51178ef2ebd-1488x2078.png?accountingTag=RB
Hand of Noxus,Riftbound,single,Origins,279661,Near Mint,,1,https://cmsassets.rgpub.io/sanity/images/dsfx7636/game_data_live/31f3c975c6f5693f6567b0ebdb66bd4dd92d730b-744x1039.png?accountingTag=RB
Hand of Noxus,Riftbound,single,Origins,18088,Near Mint,,1,https://cmsassets.rgpub.io/sanity/images/dsfx7636/game_data_live/37d43efe09ccfe5d72ce37fdc27599bd5ef736af-1488x2078.png?accountingTag=RB
Nine-Tailed Fox,Riftbound,single,Origins,998380,Near Mint,,1,https://cmsassets.rgpub.io/sanity/images/dsfx7636/game_data_live/e5fe571a8f09c0a9e76345ec32b446480f54617c-1488x2078.png?accountingTag=RB
Nine-Tailed Fox,Riftbound,single,Origins,77411,Near Mint,,1,https://cmsassets.rgpub.io/sanity/images/dsfx7636/game_data_live/dc89c6a2415debd5bf504ed46843f5dcc1d9b815-1488x2078.png?accountingTag=RB
Blind Monk,Riftbound,single,Origins,387952,Near Mint,,1,https://cmsassets.rgpub.io/sanity/images/dsfx7636/game_data_live/b4dfd543b1cfcdefba4568fe78146e0d6e46add7-1488x2078.png?accountingTag=RB
Blind Monk,Riftbound,single,Origins,26442,Near Mint,,1,https://cmsassets.rgpub.io/sanity/images/dsfx7636/game_data_live/fb6316c39ad2a00d65f4b6cc823cbdd61cadda3b-1488x2078.png?accountingTag=RB
Unforgiven,Riftbound,single,Origins,350505,Near Mint,,1,https://cmsassets.rgpub.io/sanity/images/dsfx7636/game_data_live/6a06599a299b15175984c1e38d27a3be21258fbe-1488x2078.png?accountingTag=RB
Unforgiven,Riftbound,single,Origins,21721,Near Mint,,1,https://cmsassets.rgpub.io/sanity/images/dsfx7636/game_data_live/2c804ec513085702763a9145fac93a8adb6c4783-1488x2078.png?accountingTag=RB
Radiant Dawn,Riftbound,single,Origins,28846,Near Mint,,1,https://cmsassets.rgpub.io/sanity/images/dsfx7636/game_data_live/496d173b74d036a9e28ca1b4383551be0148f13d-1488x2078.png?accountingTag=RB
Radiant Dawn,Riftbound,single,Origins,331873,Near Mint,,1,https://cmsassets.rgpub.io/sanity/images/dsfx7636/game_data_live/bd526a0f9177aaa9ec575add7d02e72b46520070-744x1039.png?accountingTag=RB
Swift Scout,Riftbound,single,Origins,437084,Near Mint,,1,https://cmsassets.rgpub.io/sanity/images/dsfx7636/game_data_live/4fd9e82cbd96010e2556430970d433022b541a51-1488x2078.png?accountingTag=RB
Swift Scout,Riftbound,single,Origins,33631,Near Mint,,1,https://cmsassets.rgpub.io/sanity/images/dsfx7636/game_data_live/e2fbf10efaddbabe9241bd2c7b4d059accd1d5a7-1488x2078.png?accountingTag=RB
Herald of the Arcane,Riftbound,single,Origins,366176,Near Mint,,1,https://cmsassets.rgpub.io/sanity/images/dsfx7636/game_data_live/e345a5fc347e6a5835f2afa33492058fdbfcb169-744x1039.png?accountingTag=RB
Herald of the Arcane,Riftbound,single,Origins,37012,Near Mint,,1,https://cmsassets.rgpub.io/sanity/images/dsfx7636/game_data_live/a39902058db800a4318f3333dddb8a62a8751d7c-1488x2078.png?accountingTag=RB
Bounty Hunter,Riftbound,single,Origins,43593,Near Mint,,1,https://cmsassets.rgpub.io/sanity/images/dsfx7636/game_data_live/f4b7f334f442d30ccea4743c641760c5533804b4-1488x2078.png?accountingTag=RB
Bounty Hunter,Riftbound,single,Origins,489200,Near Mint,,1,https://cmsassets.rgpub.io/sanity/images/dsfx7636/game_data_live/37153cce7f58b2fceb28ea9ff91deb0411f849e2-1488x2078.png?accountingTag=RB
The Boss,Riftbound,single,Origins,28905,Near Mint,,1,https://cmsassets.rgpub.io/sanity/images/dsfx7636/game_data_live/af042a5ee9ca9cca47b6f9736b33aaa599353516-1488x2078.png?accountingTag=RB
The Boss,Riftbound,single,Origins,325261,Near Mint,,1,https://cmsassets.rgpub.io/sanity/images/dsfx7636/game_data_live/6e8efcd343dfd37d9d108243a86c2a5a6412f698-744x1039.png?accountingTag=RB
